method,runs,component,mean_kJ,se_kJ
LP-MAPPO,15,flight,295.424484,0.180885
LP-MAPPO,15,computation,0.220887,0.017536
LP-MAPPO,15,communication,0.041739,0.003082
LP-MAPPO,15,payload,0.960000,0.000000
LP-MAPPO,15,total,296.647110,0.185664
CoPPO,5,flight,306.150709,0.514995
CoPPO,5,computation,0.236812,0.024163
CoPPO,5,communication,0.039568,0.003187
CoPPO,5,payload,0.960000,0.000000
CoPPO,5,total,307.387089,0.521401
MAPPO,5,flight,307.304840,1.584974
MAPPO,5,computation,0.252023,0.034393
MAPPO,5,communication,0.037655,0.005798
MAPPO,5,payload,0.960000,0.000000
MAPPO,5,total,308.554518,1.588658
IPPO,5,flight,310.279128,0.975056
IPPO,5,computation,0.160048,0.024465
IPPO,5,communication,0.056613,0.003668
IPPO,5,payload,0.960000,0.000000
IPPO,5,total,311.455789,0.960901
A2PO,5,flight,305.798664,0.404463
A2PO,5,computation,0.155594,0.033947
A2PO,5,communication,0.061191,0.006841
A2PO,5,payload,0.960000,0.000000
A2PO,5,total,306.975449,0.396752
HAPPO,5,flight,306.534494,1.155454
HAPPO,5,computation,0.221257,0.028786
HAPPO,5,communication,0.051933,0.005533
HAPPO,5,payload,0.960000,0.000000
HAPPO,5,total,307.767683,1.167853
