factor,value,method,runs,episodes,eta_kJ,on_time_count,on_time_fraction,feasibility_rate,fleet_energy_kJ,eta_vs_best_baseline_percent
tasks_per_uav,1,LP-MAPPO,15,1920,37.510494,3.871354,0.967839,0.876563,145.207708,-2.498766
tasks_per_uav,1,MAPPO,5,640,39.398991,3.759375,0.939844,0.768750,148.083087,2.410015
tasks_per_uav,1,CoPPO,5,640,38.784562,3.807812,0.951953,0.793750,147.650254,0.812927
tasks_per_uav,1,IPPO,5,640,38.471815,3.856250,0.964063,0.840625,148.354946,0.000000
tasks_per_uav,1,A2PO,5,640,39.082745,3.764063,0.941016,0.776563,147.094890,1.587994
tasks_per_uav,1,HAPPO,5,640,40.373214,3.657812,0.914453,0.673438,147.536974,4.942318
tasks_per_uav,2,LP-MAPPO,15,1920,30.442420,7.428125,0.928516,0.924479,226.124487,-2.521810
tasks_per_uav,2,MAPPO,5,640,31.381945,7.420312,0.927539,0.903125,232.855637,0.486599
tasks_per_uav,2,CoPPO,5,640,31.229981,7.429688,0.928711,0.893750,232.028372,0.000000
tasks_per_uav,2,IPPO,5,640,31.395742,7.459375,0.932422,0.903125,234.183995,0.530776
tasks_per_uav,2,A2PO,5,640,31.756067,7.281250,0.910156,0.843750,231.198899,1.684556
tasks_per_uav,2,HAPPO,5,640,32.012701,7.239063,0.904883,0.817187,231.680267,2.506310
tasks_per_uav,3,LP-MAPPO,15,1920,25.711072,11.207812,0.933984,0.842187,288.155597,-2.305925
tasks_per_uav,3,MAPPO,5,640,26.472413,11.289062,0.940755,0.840625,298.852346,0.586935
tasks_per_uav,3,CoPPO,5,640,26.317944,11.312500,0.942708,0.837500,297.704108,0.000000
tasks_per_uav,3,IPPO,5,640,26.632962,11.315625,0.942969,0.845313,301.359604,1.196971
tasks_per_uav,3,A2PO,5,640,26.857253,11.056250,0.921354,0.750000,296.931706,2.049206
tasks_per_uav,3,HAPPO,5,640,26.960474,11.037500,0.919792,0.731250,297.540320,2.441414
tasks_per_uav,5,LP-MAPPO,15,1920,16.017316,18.665104,0.933255,0.961458,298.956018,-3.453964
tasks_per_uav,5,MAPPO,5,640,16.644582,18.668750,0.933438,0.926562,310.736303,0.326948
tasks_per_uav,5,CoPPO,5,640,16.590340,18.664062,0.933203,0.920312,309.629414,0.000000
tasks_per_uav,5,IPPO,5,640,16.653430,18.818750,0.940937,0.960938,313.393123,0.380283
tasks_per_uav,5,A2PO,5,640,16.863129,18.375000,0.918750,0.879687,309.847280,1.644264
tasks_per_uav,5,HAPPO,5,640,17.017083,18.237500,0.911875,0.860938,310.312946,2.572240
tasks_per_uav,6,LP-MAPPO,15,1920,13.480946,22.388542,0.932856,0.918750,301.814823,-3.306216
tasks_per_uav,6,MAPPO,5,640,14.031721,22.289062,0.928711,0.881250,312.751925,0.644285
tasks_per_uav,6,CoPPO,5,640,13.941895,22.337500,0.930729,0.871875,311.421059,0.000000
tasks_per_uav,6,IPPO,5,640,13.995256,22.525000,0.938542,0.906250,315.231358,0.382736
tasks_per_uav,6,A2PO,5,640,14.225821,21.959375,0.914974,0.804688,312.382542,2.036490
tasks_per_uav,6,HAPPO,5,640,14.495537,21.575000,0.898958,0.726562,312.662671,3.971062
time_window_scale,0.25,LP-MAPPO,15,1920,21.786252,13.692187,0.855762,0.579167,298.298116,0.876828
time_window_scale,0.25,MAPPO,5,640,21.860491,14.203125,0.887695,0.709375,310.460486,1.220573
time_window_scale,0.25,CoPPO,5,640,21.898658,14.128125,0.883008,0.715625,309.352984,1.397297
time_window_scale,0.25,IPPO,5,640,21.596885,14.490625,0.905664,0.793750,312.944002,0.000000
time_window_scale,0.25,A2PO,5,640,21.905225,14.085938,0.880371,0.700000,308.542414,1.427705
time_window_scale,0.25,HAPPO,5,640,22.801614,13.576562,0.848535,0.596875,309.411134,5.578255
time_window_scale,0.5,LP-MAPPO,15,1920,20.522348,14.490104,0.905632,0.829167,297.366037,-2.947452
time_window_scale,0.5,MAPPO,5,640,21.262072,14.578125,0.911133,0.817187,309.943583,0.550785
time_window_scale,0.5,CoPPO,5,640,21.224702,14.548438,0.909277,0.806250,308.765764,0.374061
time_window_scale,0.5,IPPO,5,640,21.145605,14.784375,0.924023,0.873437,312.608989,0.000000
time_window_scale,0.5,A2PO,5,640,21.385639,14.409375,0.900586,0.768750,308.131381,1.135152
time_window_scale,0.5,HAPPO,5,640,21.919739,14.107812,0.881738,0.707812,309.118033,3.660971
time_window_scale,0.75,LP-MAPPO,15,1920,20.106597,14.781771,0.923861,0.879687,297.202359,-3.295685
time_window_scale,0.75,MAPPO,5,640,20.842806,14.846875,0.927930,0.882812,309.442779,0.245170
time_window_scale,0.75,CoPPO,5,640,20.791831,14.839063,0.927441,0.868750,308.527733,0.000000
time_window_scale,0.75,IPPO,5,640,21.006336,14.873437,0.929590,0.884375,312.415384,1.031683
time_window_scale,0.75,A2PO,5,640,20.987641,14.668750,0.916797,0.829688,307.850966,0.941767
time_window_scale,0.75,HAPPO,5,640,21.366761,14.450000,0.903125,0.793750,308.697732,2.765174
time_window_scale,1.5,LP-MAPPO,15,1920,19.431288,15.289062,0.955566,0.975000,297.081040,-3.132879
time_window_scale,1.5,MAPPO,5,640,20.116087,15.328125,0.958008,0.954688,308.343181,0.280921
time_window_scale,1.5,CoPPO,5,640,20.059735,15.312500,0.957031,0.940625,307.155330,0.000000
time_window_scale,1.5,IPPO,5,640,20.405139,15.242188,0.952637,0.934375,310.991125,1.721876
time_window_scale,1.5,A2PO,5,640,20.334825,15.092187,0.943262,0.921875,306.888126,1.371352
time_window_scale,1.5,HAPPO,5,640,20.406994,15.071875,0.941992,0.910937,307.563669,1.731122
time_window_scale,2,LP-MAPPO,15,1920,19.277479,15.419792,0.963737,0.983333,297.248091,-2.735645
time_window_scale,2,MAPPO,5,640,19.901786,15.460938,0.966309,0.959375,307.701265,0.414295
time_window_scale,2,CoPPO,5,640,19.819675,15.456250,0.966016,0.956250,306.330969,0.000000
time_window_scale,2,IPPO,5,640,20.152377,15.378125,0.961133,0.946875,309.878427,1.678645
time_window_scale,2,A2PO,5,640,20.071617,15.265625,0.954102,0.925000,306.400958,1.271172
time_window_scale,2,HAPPO,5,640,20.073513,15.290625,0.955664,0.934375,306.926734,1.280739
mec_capacity_Gcycle_s,4,LP-MAPPO,15,1920,19.460448,15.304688,0.956543,0.966146,297.831830,-2.207125
mec_capacity_Gcycle_s,4,MAPPO,5,640,19.947358,15.464063,0.966504,0.970313,308.458977,0.239704
mec_capacity_Gcycle_s,4,CoPPO,5,640,19.899658,15.434375,0.964648,0.948438,307.136259,0.000000
mec_capacity_Gcycle_s,4,IPPO,5,640,20.182705,15.410937,0.963184,0.948438,311.014084,1.422371
mec_capacity_Gcycle_s,4,A2PO,5,640,20.369569,15.100000,0.943750,0.906250,307.471259,2.361404
mec_capacity_Gcycle_s,4,HAPPO,5,640,20.115487,15.290625,0.955664,0.926562,307.575255,1.084587
mec_capacity_Gcycle_s,6,LP-MAPPO,15,1920,19.552500,15.205208,0.950326,0.959375,297.296991,-2.668400
mec_capacity_Gcycle_s,6,MAPPO,5,640,20.088543,15.357812,0.959863,0.950000,308.506151,0.000000
mec_capacity_Gcycle_s,6,CoPPO,5,640,20.091289,15.300000,0.956250,0.932813,307.381337,0.013671
mec_capacity_Gcycle_s,6,IPPO,5,640,20.392934,15.267188,0.954199,0.943750,311.314755,1.515249
mec_capacity_Gcycle_s,6,A2PO,5,640,20.414523,15.059375,0.941211,0.898438,307.391125,1.622716
mec_capacity_Gcycle_s,6,HAPPO,5,640,20.388022,15.092187,0.943262,0.895312,307.674579,1.490793
mec_capacity_Gcycle_s,10,LP-MAPPO,15,1920,19.830425,14.984896,0.936556,0.913021,297.151012,-3.021166
mec_capacity_Gcycle_s,10,MAPPO,5,640,20.469328,15.082812,0.942676,0.903125,308.736028,0.103330
mec_capacity_Gcycle_s,10,CoPPO,5,640,20.448199,15.043750,0.940234,0.907813,307.606113,0.000000
mec_capacity_Gcycle_s,10,IPPO,5,640,20.696288,15.051562,0.940723,0.889062,311.495042,1.213253
mec_capacity_Gcycle_s,10,A2PO,5,640,20.711335,14.839063,0.927441,0.860938,307.333261,1.286842
mec_capacity_Gcycle_s,10,HAPPO,5,640,20.745267,14.840625,0.927539,0.843750,307.847834,1.452782
mec_capacity_Gcycle_s,15,LP-MAPPO,15,1920,19.774516,15.019271,0.938704,0.928646,296.994053,-3.567205
mec_capacity_Gcycle_s,15,MAPPO,5,640,20.529559,15.051562,0.940723,0.910937,308.997104,0.114851
mec_capacity_Gcycle_s,15,CoPPO,5,640,20.506008,15.010938,0.938184,0.901563,307.799309,0.000000
mec_capacity_Gcycle_s,15,IPPO,5,640,20.684778,15.075000,0.942187,0.915625,311.800946,0.871796
mec_capacity_Gcycle_s,15,A2PO,5,640,20.779616,14.803125,0.925195,0.859375,307.588199,1.334282
mec_capacity_Gcycle_s,15,HAPPO,5,640,20.938741,14.723437,0.920215,0.832812,308.245630,2.110273
mec_capacity_Gcycle_s,30,LP-MAPPO,15,1920,19.774009,15.021354,0.938835,0.932813,297.031045,-3.200679
mec_capacity_Gcycle_s,30,MAPPO,5,640,20.541534,15.054688,0.940918,0.912500,309.241046,0.556568
mec_capacity_Gcycle_s,30,CoPPO,5,640,20.427839,15.076562,0.942285,0.906250,307.966232,0.000000
mec_capacity_Gcycle_s,30,IPPO,5,640,20.602483,15.148438,0.946777,0.939063,312.081971,0.854933
mec_capacity_Gcycle_s,30,A2PO,5,640,20.582344,14.943750,0.933984,0.893750,307.563324,0.756348
mec_capacity_Gcycle_s,30,HAPPO,5,640,20.889822,14.764062,0.922754,0.845313,308.401314,2.261539
